measured_metric,effect_size
PRECISION,0.06385964912280705
RECALL,0.10596491228070183
mAP50,0.11438596491228079
mAP50_95,0.1733333333333335
