implementation,measured_metric,friedman_p,wilcoxon_p_1v2,wilcoxon_p_2v3,wilcoxon_p_1v3,hommel_p_1v2,hommel_p_2v3,hommel_p_1v3,effect_size
scipy,PRECISION,0.9883042276774024,0.9428011824897932,0.7921786383061458,0.6001129676238429,-1,-1,-1,-1
scipy,RECALL,0.9883042276774024,0.9428011824897932,0.7921786383061458,0.6353317636247899,-1,-1,-1,-1
scipy,mAP50,0.9883042276774024,0.9428011824897932,0.7921786383061458,0.6941876114228425,-1,-1,-1,-1
scipy,mAP50_95,0.9883042276774024,0.9428011824897932,0.7921786383061458,0.6353317636247899,-1,-1,-1,-1
